id;age_group;education_level;city;preferred_language;reading_frequency;reading_time_availability;reader_type;reading_habits;favorite_genres;preferred_book_types;preferred_formats;desired_feelings;disliked_genres
1;25-34;High School;Surabaya;indonesian;daily;<15 mins;Avid Reader;Reading helps me relax after lectures and escape into different worlds.;{business,colonialism};{fiction};{hardcover};{thoughtful,entertained,educated};{}
2;25-34;High School;Bekasi;english;weekly;1 hour+;Knowledge Seeker;I enjoy novels in the evening, especially with a warm drink.;{feminism,magazine_zine};{fiction};{paperback,hardcover};{entertained,thrilled};{}
3;25-34;Diploma;Yogyakarta;indonesian;monthly;30-60 mins;Avid Reader;I usually read on weekends when I'am not too busy with assignments.;{climate_change,children_book,graphic_novels,japanese_literature};{fiction};{audiobook};{educated,thrilled};{}
4;18-24;Bachelor;Bogor;english;daily;15-30 mins;Avid Reader;Late night reading is my ritual, it calms me before bed.;{education,politics_sociology};{fiction,non-fiction};{paperback,audiobook};{thrilled};{indonesian_literature}
5;25-34;Diploma;Cimahi;indonesian;rarely;1 hour+;Casual Reader;I often read while commuting to campus using the train.;{critiques_capitalism,historical_fiction,self_discovery};{fiction,non-fiction};{hardcover,paperback};{educated,inspired,entertained};{}
6;25-34;Diploma;Bogor;indonesian;rarely;1 hour+;Avid Reader;I read articles and books related to my major during breaks.;{history,self_discovery,arts_architecture,crime_mystery};{fiction,non-fiction};{audiobook,paperback};{inspired,thrilled};{family,romance}
7;25-34;Bachelor;Serang;indonesian;weekly;30-60 mins;Escapist;Storytelling books bring me joy and help me reflect.;{arts_architecture,western_classic_lit,literacy_criticalism,religions};{fiction};{ebook,paperback};{relaxed};{colonialism,religions}
8;18-24;Diploma;Jakarta;english;weekly;30-60 mins;Avid Reader;Short stories are my favorite during short study breaks.;{feminism,science,fantasy_scifi};{fiction,non-fiction};{audiobook,paperback};{relaxed};{}
9;18-24;Bachelor;Cimahi;indonesian;daily;<15 mins;Escapist;Reading with music helps me focus and enjoy the process.;{magazine_zine,climate_change};{non-fiction};{hardcover,ebook};{thoughtful};{self_help,psychology_selfhelp}
10;25-34;High School;Depok;indonesian;rarely;30-60 mins;Casual Reader;Sometimes I binge-read novels in one sitting during holidays.;{chinese_literature,world_literature,crc_fict};{non-fiction};{paperback,audiobook};{relaxed};{poetry_literacy,critiques_capitalism}
11;18-24;High School;Bekasi;indonesian;daily;<15 mins;Avid Reader;I write reviews of books I love on social media.;{historical_fiction,education};{fiction,non-fiction};{audiobook};{relaxed};{arts_architecture}
12;25-34;Diploma;Serang;indonesian;rarely;15-30 mins;Escapist;I carry a book everywhere in case I find time to read.;{chinese_literature,travel};{non-fiction};{paperback};{educated,entertained,relaxed};{}
13;25-34;High School;Tangerang;indonesian;weekly;1 hour+;Explorer;I read Indonesian literature to connect with local culture.;{travel,western_classic_lit};{fiction};{ebook,hardcover};{thoughtful};{literacy_criticalism,historical_fiction}
14;18-24;Diploma;Bogor;indonesian;daily;<15 mins;Casual Reader;Fantasy novels are my favorite escape from daily stress.;{crc_fict,climate_change,science,feminism};{fiction,non-fiction};{hardcover};{thrilled,relaxed};{science}
15;18-24;Bachelor;Yogyakarta;indonesian;daily;15-30 mins;Knowledge Seeker;I started reading consistently during the pandemic.;{self_discovery,dystopian_postapocalyptic};{fiction,non-fiction};{hardcover,ebook};{thrilled,entertained,educated};{chinese_literature}
16;25-34;High School;Depok;indonesian;weekly;30-60 mins;Escapist;Graphic novels and comics are my go-to for fun reading.;{self_discovery,philosophy,arts_architecture};{fiction};{paperback};{entertained,thoughtful};{}
17;18-24;High School;Bandung;english;weekly;15-30 mins;Explorer;Self-help books motivate me during tough weeks.;{pets,western_classics,dystopian_postapocalyptic,historical_fiction};{fiction};{paperback,audiobook};{thrilled,educated,relaxed};{education}
18;18-24;High School;Yogyakarta;english;weekly;15-30 mins;Casual Reader;Poetry soothes me in times of emotional turmoil.;{graphic_novels,business,fantasy_scifi};{fiction,non-fiction};{ebook};{thoughtful,entertained};{science}
19;18-24;Diploma;Bandung;indonesian;monthly;<15 mins;Explorer;Reading in the park is one of my favorite pastimes.;{memoirs_biography,literacy_criticalism,philosophy};{non-fiction};{ebook};{thoughtful};{arts_architecture}
20;18-24;Bachelor;Magelang;english;weekly;30-60 mins;Casual Reader;I love discussing books with my reading group.;{magazine_zine,western_classics,literacy_criticalism,crime_mystery};{fiction,non-fiction};{audiobook,ebook};{entertained,relaxed};{}
21;18-24;High School;Depok;indonesian;monthly;1 hour+;Avid Reader;Romance novels keep me up all night.;{japanese_literature,feminism,philosophy};{fiction,non-fiction};{hardcover,ebook};{thoughtful,relaxed};{colonialism,japanese_literature}
22;18-24;High School;Magelang;english;weekly;30-60 mins;Escapist;Historical fiction makes me imagine living in another era.;{business,children_book};{non-fiction};{audiobook};{thoughtful,entertained};{}
23;18-24;High School;Sleman;indonesian;daily;<15 mins;Casual Reader;I read to gain new perspectives and develop empathy.;{russian_literature,politics_sociology};{fiction};{audiobook};{educated};{russian_literature,self_discovery}
24;18-24;Bachelor;Solo;english;rarely;1 hour+;Escapist;I journal my reading progress every month.;{poetry_literacy,history,historical_fiction};{fiction,non-fiction};{audiobook,paperback};{thrilled,relaxed,thoughtful};{literacy_criticalism}
25;18-24;High School;Jakarta;indonesian;weekly;15-30 mins;Explorer;I prefer physical books over digital ones any day.;{magazine_zine,science,politics_sociology};{fiction,non-fiction};{audiobook,ebook};{inspired,entertained,educated};{arts_architecture}
26;18-24;Bachelor;Bandung;indonesian;weekly;30-60 mins;Explorer;Reading biographies makes me appreciate people's struggles and triumphs.;{memoirs_biography,history};{non-fiction};{paperback};{inspired,thoughtful};{}
27;25-34;Bachelor;Jakarta;english;daily;15-30 mins;Knowledge Seeker;News articles and socio-political books are part of my daily habit.;{politics_sociology,psychology_selfhelp};{non-fiction};{ebook,paperback};{educated,thoughtful};{}
28;18-24;Diploma;Bogor;indonesian;monthly;1 hour+;Casual Reader;Sometimes I grab random novels from the library just to unwind.;{fantasy_scifi,romance};{fiction};{hardcover};{relaxed,entertained};{}
29;25-34;Master;Semarang;english;weekly;30-60 mins;Knowledge Seeker;My research requires me to read lots of scientific publications and books.;{science,natural_science};{non-fiction};{ebook};{educated};{romance}
30;18-24;Bachelor;Yogyakarta;english;weekly;15-30 mins;Explorer;On breaks, I dive into classic literature or science fiction.;{western_classics,fantasy_scifi};{fiction};{audiobook,paperback};{thrilled,entertained};{}
31;25-34;High School;Depok;indonesian;rarely;1 hour+;Escapist;Comic books are my favorite stress reliever after exams.;{graphic_novels,magazine_zine};{fiction};{paperback};{relaxed,entertained};{}
32;18-24;Diploma;Bandung;english;daily;<15 mins;Explorer;Short philosophical essays are my go-to read between classes.;{philosophy,self_discovery};{non-fiction};{ebook,audiobook};{thoughtful,inspired};{}
33;25-34;Diploma;Serang;indonesian;weekly;30-60 mins;Casual Reader;I love reading fiction during lunch breaks at work.;{historical_fiction,romance};{fiction};{paperback,hardcover};{relaxed,thrilled};{}
34;18-24;Bachelor;Bogor;indonesian;weekly;15-30 mins;Avid Reader;Poetry helps me process emotions I can't express verbally.;{poetry_literacy,feminism};{fiction};{hardcover};{thoughtful,relaxed};{business}
35;25-34;Bachelor;Depok;english;weekly;1 hour+;Knowledge Seeker;I write and read extensively, focusing on world literature.;{world_literature,western_contemporary};{fiction,non-fiction};{paperback};{entertained,thoughtful};{}
36;18-24;High School;Bandung;indonesian;daily;15-30 mins;Explorer;Fantasy novels bring color to my busy school days.;{fantasy_scifi,western_classics};{fiction};{paperback, ebook};{thrilled.entertained};{}
37;25-34;Bachelor;Magelang;indonesian;weekly;30-60 mins;Knowledge Seeker;I recommend and read a lot of self-help books for patrons.;{psychology_selfhelp,self_help};{non-fiction};{paperback};{inspired,educated};{}
38;18-24;Diploma;Tangerang;indonesian;rarely;1 hour+;Escapist;I enjoy browsing photography and art books on weekends.;{arts_architecture,education};{non-fiction};{paperback};{inspired,thoughtful};{}
39;25-34;Bachelor;Sleman;english;weekly;15-30 mins;Casual Reader;Travel memoirs inspire my dream to see the world.;{travel,memoirs_biography};{non-fiction};{ebook};{inspired,relaxed};{}
40;18-24;High School;Cimahi;indonesian;weekly;30-60 mins;Escapist;I usually read business books to improve my freelancing skills.;{business,education};{non-fiction};{ebook,paperback};{educated,inspired};{romance}
41;18-24;Bachelor;Bandung;english;daily;<15 mins;Explorer;I alternate between poetry collections and science articles before bed.;{poetry_literacy,feminism};{non-fiction};{audiobook,paperback};{thoughtful,inspired};{}
42;25-34;Master;Jakarta;english;weekly;1 hour+;Knowledge Seeker;I study economic histories to aid my thesis research.;{critiques_capitalism,history};{non-fiction};{ebook};{educated,thoughtful};{}
43;18-24;Diploma;Bekasi;indonesian;weekly;15-30 mins;Escapist;Manga and light novels are my quick entertainment.;{children_book,graphic_novels};{fiction};{paperback};{entertained,relaxed};{}
44;25-34;Bachelor;Semarang;indonesian;monthly;30-60 mins;Casual Reader;Romance novels are my guilty pleasure after work.;{romance,western_contemporary};{fiction};{hardcover};{relaxed,thrilled};{}
45;18-24;High School;Bandung;indonesian;daily;<15 mins;Explorer;Self-discovery books help me grow emotionally and spiritually.;{self_discovery,philosophy};{non-fiction};{ebook,paperback};{thoughtful,inspired};{}
46;25-34;Bachelor;Jakarta;indonesian;weekly;30-60 mins;Casual Reader;I usually read ebooks during the train commute.;{psychology_selfhelp,education};{non-fiction};{ebook};{educated,thoughtful};{}
47;18-24;Bachelor;Bandung;english;weekly;30-60 mins;Explorer;Reading Japanese literature has become a hobby of mine.;{japanese_literature,world_literature};{fiction};{paperback};{entertained,thoughtful};{}
48;25-34;Diploma;Depok;indonesian;weekly;15-30 mins;Explorer;Documentary books about climate change intrigue me deeply.;{climate_change,natural_science};{non-fiction};{ebook};{educated,thoughtful};{}
49;18-24;High School;Yogyakarta;indonesian;weekly;30-60 mins;Avid Reader;Historical fiction lets me live multiple lives across eras.;{historical_fiction,western_classic_lit};{fiction};{paperback};{relaxed,thrilled};{}
50;25-34;Bachelor;Depok;indonesian;weekly;15-30 mins;Escapist;Light novels and fantasy series are my guilty pleasures.;{fantasy_scifi,western_classics};{fiction};{audiobook};{entertained,relaxed};{}
51;25-34;Bachelor;Tangerang;indonesian;weekly;30-60 mins;Casual Reader;Short articles and essays fit my busy schedule.;{magazine_zine,literacy_criticalism};{non-fiction};{ebook};{thoughtful,entertained};{}
52;18-24;Bachelor;Bandung;english;weekly;15-30 mins;Explorer;Philosophy books make me question and reflect.;{philosophy,self_discovery};{non-fiction};{audiobook};{thoughtful,inspired};{}
53;25-34;Master;Jakarta;english;weekly;1 hour+;Knowledge Seeker;Economic history books fascinate me endlessly.;{critiques_capitalism,colonialism};{non-fiction};{ebook};{educated,thoughtful};{}
54;18-24;High School;Bandung;indonesian;daily;<15 mins;Explorer;Nature writing reconnects me to the environment.;{natural_science,climate_change};{non-fiction};{paperback};{relaxed,inspired};{}
55;25-34;Bachelor;Jakarta;indonesian;weekly;30-60 mins;Casual Reader;Light novels help me unwind after work.;{western_contemporary,romance};{fiction};{paperback};{entertained,relaxed};{}
56;18-24;Bachelor;Bogor;english;weekly;30-60 mins;Explorer;I collect classic dystopian novels.;{dystopian_postapocalyptic,western_classic_lit};{fiction};{paperback};{thrilled,thoughtful};{}
57;25-34;Diploma;Cimahi;indonesian;weekly;15-30 mins;Explorer;Personal growth books are my companions during coffee breaks.;{self_discovery,psychology_selfhelp};{non-fiction};{ebook};{inspired,thoughtful};{}
58;18-24;Diploma;Yogyakarta;indonesian;weekly;30-60 mins;Avid Reader;Korean literature soothes me after long study sessions.;{korean_literature,world_literature};{fiction};{paperback};{relaxed,thoughtful};{}
59;25-34;Bachelor;Depok;indonesian;monthly;1 hour+;Casual Reader;I love novels that discuss gender and identity.;{feminism,psychology_selfhelp};{non-fiction};{ebook};{educated,thoughtful};{}
60;18-24;High School;Bekasi;indonesian;daily;<15 mins;Explorer;I enjoy philosophical manga and comics.;{philosophy,graphic_novels};{fiction};{paperback};{thoughtful,relaxed};{}
61;25-34;Bachelor;Jakarta;english;weekly;30-60 mins;Casual Reader;Audiobooks help me stay inspired during daily commute.;{self_help,psychology_selfhelp};{non-fiction};{audiobook};{inspired,educated};{}
62;18-24;High School;Sleman;indonesian;weekly;30-60 mins;Avid Reader;Anthropology books make me curious about different cultures.;{history,anthropology};{non-fiction};{paperback};{educated,thoughtful};{}
63;25-34;Bachelor;Magelang;english;weekly;15-30 mins;Explorer;Reading dystopian classics fuels my imagination.;{dystopian_postapocalyptic,western_classic_lit};{fiction};{ebook};{thrilled,thoughtful};{}
64;18-24;Bachelor;Bandung;indonesian;daily;15-30 mins;Avid Reader;Poetry is my safe haven when the world gets too noisy.;{poetry_literacy,self_discovery};{fiction};{paperback};{relaxed,thoughtful};{}
65;25-34;Master;Jakarta;english;weekly;30-60 mins;Knowledge Seeker;Philosophy and science books are essential to my projects.;{philosophy,science};{non-fiction};{ebook,paperback};{educated,thoughtful};{}
66;18-24;Diploma;Yogyakarta;indonesian;weekly;1 hour+;Explorer;Historical novels let me visit eras I can never see.;{historical_fiction,history};{fiction};{paperback};{thoughtful,relaxed};{}
67;25-34;Bachelor;Depok;english;weekly;15-30 mins;Explorer;I weave my own short stories after reading magical realism.;{western_contemporary,world_literature};{fiction};{ebook};{entertained,thoughtful};{}
68;18-24;Bachelor;Bogor;indonesian;monthly;1 hour+;Casual Reader;Reading travel memoirs gives me a glimpse of distant lands.;{travel,memoirs_biography};{non-fiction};{hardcover};{inspired,relaxed};{}
69;25-34;Diploma;Cimahi;indonesian;weekly;30-60 mins;Escapist;Manga and fantasy novels lift my spirits after long days.;{fantasy_scifi,children_book};{fiction};{paperback};{entertained,thrilled};{}
70;18-24;Bachelor;Serang;english;weekly;15-30 mins;Explorer;Social issue books challenge my world view.;{feminism,politics_sociology};{non-fiction};{audiobook};{educated,thoughtful};{}
71;25-34;Bachelor;Semarang;indonesian;rarely;30-60 mins;Casual Reader;Self-help books help me stay motivated.;{self_help,psychology_selfhelp};{non-fiction};{ebook};{inspired,educated};{}
72;18-24;High School;Depok;indonesian;daily;<15 mins;Avid Reader;Fantasy keeps my imagination alive between school activities.;{fantasy_scifi,western_classics};{fiction};{paperback};{thrilled,entertained};{}
73;25-34;Bachelor;Jakarta;indonesian;weekly;1 hour+;Knowledge Seeker;Archiving books daily inspires me to read genres outside my comfort zone.;{memoirs_biography,science};{non-fiction};{paperback};{educated,thoughtful};{}
74;18-24;Diploma;Bekasi;indonesian;weekly;15-30 mins;Explorer;Light novels are my guilty pleasure during exams.;{graphic_novels,dystopian_postapocalyptic};{fiction};{paperback};{entertained,thrilled};{}
75;25-34;Master;Jakarta;english;weekly;30-60 mins;Knowledge Seeker;I read about climate change to design better research proposals.;{climate_change,natural_science};{non-fiction};{ebook};{educated,inspired};{}
76;18-24;Bachelor;Bandung;english;weekly;30-60 mins;Explorer;Business biographies are my blueprint for success.;{business,memoirs_biography};{non-fiction};{ebook};{inspired,educated};{}
77;25-34;High School;Cimahi;indonesian;daily;<15 mins;Casual Reader;Short essays and articles keep my mind sharp.;{education,politics_sociology};{non-fiction};{ebook};{thoughtful,educated};{}
78;18-24;Bachelor;Yogyakarta;indonesian;weekly;15-30 mins;Avid Reader;Romance novels make my heart flutter after tough exams.;{romance,western_contemporary};{fiction};{paperback};{relaxed,entertained};{}
79;25-34;Diploma;Jakarta;indonesian;weekly;30-60 mins;Casual Reader;Audiobooks during commute turn traffic into an adventure.;{self_help,business};{non-fiction};{audiobook};{inspired,educated};{}
80;18-24;High School;Depok;indonesian;daily;15-30 mins;Explorer;Adventure stories and mysteries are my escape routes.;{crime_mystery,fantasy_scifi};{fiction};{paperback};{thrilled,entertained};{}
81;25-34;Bachelor;Tangerang;english;weekly;15-30 mins;Explorer;I enjoy graphic novels about complex emotions.;{graphic_novels,feminism};{fiction};{ebook};{thoughtful,relaxed};{}
82;18-24;Bachelor;Bandung;indonesian;weekly;30-60 mins;Explorer;Philosophical novels deepen my late-night reflections.;{philosophy,literacy_criticalism};{fiction};{paperback};{thoughtful,inspired};{}
83;25-34;Master;Magelang;english;weekly;30-60 mins;Knowledge Seeker;Global history books help me understand today's politics.;{history,politics_sociology};{non-fiction};{ebook};{educated,thoughtful};{}
84;18-24;Diploma;Bogor;english;weekly;30-60 mins;Explorer;Short self-help books are my weekend ritual.;{self_discovery,self_help};{non-fiction};{paperback};{inspired,relaxed};{}
85;25-34;Bachelor;Depok;indonesian;weekly;1 hour+;Avid Reader;Fantasy worlds make the ordinary feel magical.;{fantasy_scifi,world_literature};{fiction};{hardcover};{thrilled,entertained};{}
86;18-24;High School;Sleman;indonesian;daily;<15 mins;Casual Reader;Poetry about life and death is strangely comforting.;{poetry_literacy,philosophy};{fiction};{paperback};{relaxed,thoughtful};{}
87;25-34;Bachelor;Cimahi;english;weekly;30-60 mins;Explorer;Fictional dystopias sometimes feel too real.;{dystopian_postapocalyptic,western_classic_lit};{fiction};{ebook};{thoughtful,thrilled};{}
88;18-24;Bachelor;Bandung;english;daily;15-30 mins;Avid Reader;Fantasy adventures help me disconnect after classes.;{fantasy_scifi,western_contemporary};{fiction};{paperback};{thrilled,entertained};{}
89;25-34;Master;Jakarta;english;weekly;30-60 mins;Knowledge Seeker;I enjoy heavy science books before writing articles.;{science,natural_science};{non-fiction};{ebook,paperback};{educated,thoughtful};{}
90;18-24;Diploma;Yogyakarta;indonesian;weekly;1 hour+;Explorer;Romance novels brighten up my weekends.;{romance,western_contemporary};{fiction};{paperback};{relaxed,entertained};{}
91;25-34;Bachelor;Depok;english;weekly;30-60 mins;Explorer;Short philosophical essays are my guilty pleasure.;{philosophy,literacy_criticalism};{fiction, non-fiction};{ebook,paperback};{thoughtful,inspired};{}
92;18-24;Bachelor;Bogor;indonesian;monthly;1 hour+;Casual Reader;Graphic novels are my stress relievers.;{graphic_novels,poetry_literacy};{fiction};{paperback};{relaxed,entertained};{}
93;25-34;Diploma;Cimahi;indonesian;weekly;30-60 mins;Escapist;Self-discovery books help me reflect during weekends.;{self_discovery,self_help};{non-fiction};{ebook};{inspired,thoughtful};{}
94;18-24;Bachelor;Serang;english;weekly;15-30 mins;Explorer;Reading about other cultures makes me more empathetic.;{world_literature,travel};{fiction, non-fiction};{paperback};{educated,thoughtful};{}
95;25-34;Bachelor;Semarang;indonesian;rarely;30-60 mins;Casual Reader;Business books are my motivation booster during lunch.;{business,self_help};{non-fiction};{ebook,audiobook};{inspired,educated};{}
96;18-24;High School;Depok;indonesian;daily;<15 mins;Avid Reader;Mystery novels sharpen my imagination.;{crime_mystery,fantasy_scifi};{fiction};{paperback};{thrilled,entertained};{}
97;25-34;Bachelor;Jakarta;indonesian;weekly;1 hour+;Knowledge Seeker;Preserving old books makes me love history even more.;{history,anthropology};{non-fiction};{hardcover};{educated,thoughtful};{}
98;18-24;Diploma;Bogor;english;weekly;15-30 mins;Explorer;Adventure stories fuel my dreams of traveling the world.;{travel,fantasy_scifi};{fiction};{paperback};{thrilled,relaxed};{}
99;25-34;Bachelor;Tangerang;indonesian;weekly;30-60 mins;Explorer;Memoirs about resilience inspire me.;{memoirs_biography,education};{non-fiction};{ebook,paperback};{inspired,thoughtful};{}
100;18-24;Bachelor;Bandung;english;weekly;15-30 mins;Explorer;I enjoy books that explore human psychology.;{psychology_selfhelp,self_discovery};{non-fiction};{audiobook};{thoughtful,educated};{}
101;25-34;Master;Jakarta;english;weekly;1 hour+;Knowledge Seeker;Global economic histories fascinate me.;{critiques_capitalism,colonialism};{non-fiction};{ebook};{educated,thoughtful};{}
102;18-24;High School;Depok;indonesian;daily;<15 mins;Explorer;Poetry and light novels ease my anxiety.;{poetry_literacy,children_book};{fiction};{paperback};{relaxed,thoughtful};{}
103;25-34;Bachelor;Jakarta;indonesian;weekly;30-60 mins;Casual Reader;Audiobooks about leadership help my career growth.;{businessself_help};{non-fiction};{audiobook};{inspired,educated};{}
104;18-24;Bachelor;Yogyakarta;indonesian;weekly;30-60 mins;Avid Reader;Japanese literature fascinates me deeply.;{japanese_literature,world_literature};{fiction};{paperback};{thoughtful,relaxed};{}
105;25-34;Master;Magelang;english;weekly;30-60 mins;Knowledge Seeker;Climate change reports guide my activism.;{climate_change,natural_science};{non-fiction};{ebook};{educated,inspired};{}
106;18-24;Diploma;Bogor;english;weekly;30-60 mins;Explorer;Personal development books changed my mindset.;{self_discovery,self_help};{non-fiction};{ebook,paperback};{inspired,thoughtful};{}
107;25-34;Bachelor;Depok;indonesian;monthly;1 hour+;Casual Reader;Travel memoirs make my world bigger.;{travel,memoirs_biography};{non-fiction};{paperback};{inspired,relaxed};{}
108;18-24;High School;Sleman;indonesian;daily;<15 mins;Casual Reader;Romantic novels make me believe in magic.;{romance,western_contemporary};{fiction};{paperback};{relaxed,entertained};{}
109;25-34;Bachelor;Cimahi;english;weekly;30-60 mins;Explorer;I enjoy dystopian novels about alternate realities.;{dystopian_postapocalyptic,western_classic_lit};{fiction};{ebook};{thrilled,thoughtful};{}
110;18-24;Bachelor;Bandung;english;weekly;30-60 mins;Explorer;Philosophical novels offer me new ways to think.;{philosophy,self_discovery};{fiction, non-fiction};{paperback};{thoughtful,inspired};{}
111;25-34;Master;Magelang;english;weekly;30-60 mins;Knowledge Seeker;Anthropology and history broaden my perspectives.;{anthropology,history};{non-fiction};{ebook};{educated,thoughtful};{}
112;25-34;Diploma;Bandung;english;daily;1 hour+;Avid Reader;Whenever I travel, I bring a few books to read on the road.;{family,critiques_capitalism};{non-fiction};{paperback,hardcover};{entertained,relaxed};{literacy_criticalism}
113;35-44;High School;Bogor;english;rarely;1 hour+;Avid Reader;I follow reading challenges and try to finish 2 books monthly.;{climate_change,science,western_contemporary};{fiction,non-fiction};{hardcover,audiobook};{educated};{children_book,pets}
114;18-24;Doctorate;Solo;indonesian;rarely;15-30 mins;Explorer;I usually read at night after work to unwind.;{world_literature,western_classic_lit,other_people};{fiction};{audiobook,hardcover,paperback};{entertained};{self_discovery,history}
115;25-34;Diploma;Yogyakarta;indonesian;daily;1 hour+;Knowledge Seeker;I carry an ebook reader on the go and read during breaks.;{climate_change,critiques_capitalism,western_classics,poetry_literacy};{fiction,non-fiction};{audiobook,hardcover};{entertained};{}
116;25-34;Diploma;Tangerang;indonesian;daily;15-30 mins;Avid Reader;I usually read at night after work to unwind.;{world_literature,self_discovery,critiques_capitalism,pets};{fiction,non-fiction};{paperback};{thrilled,educated,inspired};{crime_mystery}
117;25-34;Diploma;Yogyakarta;indonesian;daily;15-30 mins;Escapist;Whenever I travel, I bring a few books to read on the road.;{feminism', 'western_contemporary', 'science};{fiction,non-fiction};{audiobook,hardcover,paperback};{thrilled,relaxed,educated};{history}
118;35-44;High School;Yogyakarta;other;daily;30-60 mins;Casual Reader;I usually read at night after work to unwind.;{western_classic_lit,chinese_literature,history};{fiction,non-fiction};{paperback};{relaxed,inspired,thrilled};{}
119;18-24;Diploma;Magelang;indonesian;monthly;<15 mins;Knowledge Seeker;During weekends, I spend a few hours reading philosophy or history.;{science,self_discovery,feminism};{fiction,non-fiction};{hardcover};{thrilled,relaxed};{}
120;25-34;Master;Bogor;english;weekly;1 hour+;Escapist;Audiobooks help me enjoy stories while doing chores or commuting.;{historical_fiction,poetry_literacy,on_womanhood,children_book};{fiction,non-fiction};{hardcover,audiobook};{thrilled,inspired,relaxed};{travel,critiques_capitalism}
121;25-34;Master;Surabaya;english;weekly;30-60 mins;Knowledge Seeker;Reading fiction at night helps me relax before sleeping.;{natural_science,travel};{non-fiction};{hardcover,ebook};{educated,entertained};{}
122;45-54;Diploma;Jakarta;english;monthly;30-60 mins;Escapist;Books give me clarity and inspiration for my projects.;{western_contemporary,literacy_criticalism,memoirs_biography};{fiction,non-fiction};{ebook};{educated};{}
123;45-54;Master;Jakarta;indonesian;monthly;<15 mins;Escapist;During weekends, I spend a few hours reading philosophy or history.;{graphic_novels,indonesian_literature,world_literature};{fiction};{hardcover,ebook,paperback};{inspired,entertained,thrilled};{}
124;25-34;Doctorate;Serang;indonesian;weekly;1 hour+;Knowledge Seeker;Whenever I travel, I bring a few books to read on the road.;{climate_change,magazine_zine};{fiction,non-fiction};{ebook,audiobook};{relaxed};{russian_literature}
125;25-34;Diploma;Jakarta;indonesian;monthly;<15 mins;Casual Reader;Whenever I travel, I bring a few books to read on the road.;{romance,crc_fict,colonialism};{fiction};{paperback,hardcover,audiobook};{thoughtful,relaxed};{}
126;25-34;High School;Malang;indonesian;monthly;15-30 mins;Casual Reader;I usually read at night after work to unwind.;{memoirs_biography,self_help};{fiction};{paperback,hardcover};{thrilled,relaxed};{education}
127;25-34;Bachelor;Cimahi;indonesian;rarely;<15 mins;Escapist;Reading fiction at night helps me relax before sleeping.;{western_classic_lit,education,feminism};{non-fiction};{hardcover,audiobook,paperback};{inspired,educated,thrilled};{}
128;35-44;Bachelor;Yogyakarta;indonesian;rarely;<15 mins;Escapist;Audiobooks help me enjoy stories while doing chores or commuting.;{self_help,business,historical_fiction,religions};{non-fiction};{audiobook,hardcover,ebook};{inspired,relaxed};{self_discovery}
129;18-24;Bachelor;Serang;english;daily;1 hour+;Avid Reader;Reading fiction at night helps me relax before sleeping.;{dystopian_postapocalyptic,family};{non-fiction};{paperback};{thoughtful};{indonesian_literature,crc_fict}
130;35-44;Bachelor;Jakarta;indonesian;daily;15-30 mins;Escapist;I carry an ebook reader on the go and read during breaks.;{other_people,religions};{fiction};{ebook,paperback};{entertained,thoughtful,relaxed};{}
131;25-34;Bachelor;Sleman;indonesian;monthly;<15 mins;Casual Reader;I usually read at night after work to unwind.;{magazine_zine,korean_literature};{fiction,non-fiction};{audiobook,ebook,hardcover};{entertained,relaxed,thoughtful};{romance,graphic_novels}
132;18-24;Diploma;Bogor;indonesian;monthly;<15 mins;Escapist;Reading a novel in the evening helps me unwind before bed.;{russian_literature,literacy_criticalism};{fiction,non-fiction};{hardcover,paperback,ebook};{educated,relaxed,entertained};{crime_mystery}
133;18-24;Master;Jakarta;indonesian;monthly;<15 mins;Casual Reader;Enjoying a fictional story at night helps me calm down before sleep.;{psychology_selfhelp,science,world_literature,colonialism};{fiction,non-fiction};{ebook};{educated,thoughtful};{}
134;25-34;Master;Surabaya;indonesian;weekly;1 hour+;Escapist;Flipping through a book of fiction before bedtime helps me relax.;{pets,magazine_zine,on_womanhood};{fiction,non-fiction};{audiobook};{educated,thrilled};{}
135;25-34;Master;Malang;indonesian;daily;15-30 mins;Casual Reader;I usually read at night after work to unwind.;{science,western_classic_lit};{fiction,non-fiction};{ebook};{educated};{}
136;25-34;Bachelor;Sleman;other;daily;30-60 mins;Explorer;Books give me clarity and inspiration for my projects.;{religions,russian_literature,children_book};{non-fiction};{ebook,hardcover,paperback};{thoughtful,relaxed,entertained};{poetry_literacy,memoirs_biography}
137;18-24;Bachelor;Bandung;english;weekly;30-60 mins;Avid Reader;Reading helps me escape into fantastical worlds on quiet nights.;{fantasy_scifi,graphic_novels};{fiction};{paperback,ebook};{entertained,thrilled};{}
138;25-34;Master;Serang;indonesian;monthly;15-30 mins;Casual Reader;I like reading biographies that inspire me to think differently.;{memoirs_biography,business};{non-fiction};{hardcover};{inspired,educated};{romance}
139;18-24;Diploma;Yogyakarta;english;daily;<15 mins;Escapist;Poetry and short essays are my go-to during my breaks.;{poetry_literacy,magazine_zine};{non-fiction};{ebook,paperback};{relaxed,thoughtful};{self_help}
140;35-44;Bachelor;Magelang;english;weekly;1 hour+;Knowledge Seeker;I dedicate Sunday mornings to reading philosophy and history.;{philosophy,history};{non-fiction};{hardcover,ebook};{thoughtful,inspired};{dystopian_postapocalyptic}
141;25-34;Diploma;Depok;indonesian;weekly;15-30 mins;Avid Reader;I read fiction in the evening to unwind after projects.;{indonesian_literature,romance};{fiction};{paperback,ebook};{entertained,relaxed};{science}
142;45-54;Master;Jakarta;english;monthly;1 hour+;Explorer;Reading politics and current affairs keeps me sharp.;{politics_sociology,economics};{non-fiction};{hardcover};{thoughtful,inspired};{poetry_literacy}
143;18-24;High School;Bekasi;indonesian;rarely;<15 mins;Casual Reader;I only read manga and comics during lunch breaks.;{graphic_novels,children_book};{fiction};{paperback};{entertained};{history}
144;25-34;Bachelor;Cimahi;indonesian;weekly;30-60 mins;Explorer;I find joy in feminist literature and modern essays.;{feminism,western_contemporary};{non-fiction};{ebook,hardcover};{inspired,educated};{science}
145;35-44;Master;Surabaya;english;weekly;15-30 mins;Knowledge Seeker;Medical history and self-help are my main interests.;{psychology_selfhelp,history};{non-fiction};{audiobook,ebook};{educated,inspired};{crime_mystery}
146;18-24;Diploma;Semarang;indonesian;daily;<15 mins;Escapist;I read short inspirational books to start my mornings.;{self_discovery,poetry_literacy};{non-fiction};{paperback,ebook};{relaxed,inspired};{colonialism}
147;25-34;Bachelor;Bandung;english;weekly;30-60 mins;Explorer;Reading tech-related business books helps me in my job.;{business,science};{non-fiction};{hardcover,paperback};{educated,thoughtful};{romance}
148;45-54;Bachelor;Yogyakarta;indonesian;monthly;1 hour+;Knowledge Seeker;On weekends I read about Indonesian history and travel.;{history,travel};{non-fiction};{paperback,hardcover};{inspired,educated};{fantasy_scifi}
149;18-24;Bachelor;Depok;english;daily;15-30 mins;Avid Reader;I often read thrillers and crime fiction before bed.;{crime_mystery,dystopian_postapocalyptic};{fiction};{ebook,paperback};{thrilled,entertained};{philosophy}
150;25-34;Master;Surakarta;english;weekly;30-60 mins;Explorer;I love reading and writing speculative fiction.;{fantasy_scifi,western_classics};{fiction};{paperback};{entertained,thoughtful};{psychology_selfhelp}
151;35-44;Bachelor;Bogor;indonesian;weekly;1 hour+;Knowledge Seeker;I enjoy critical essays about society and power.;{critiques_capitalism,politics_sociology};{non-fiction};{ebook};{educated,thoughtful};{children_book}
152;18-24;Diploma;Serang;english;weekly;15-30 mins;Escapist;Short romance novels help me escape daily routines.;{romance,japanese_literature};{fiction};{paperback};{entertained,relaxed};{science}
153;25-34;Diploma;Cimahi;indonesian;weekly;15-30 mins;Casual Reader;I enjoy parenting books and Indonesian stories.;{family,indonesian_literature};{non-fiction};{paperback,ebook};{educated,thoughtful};{western_classic_lit}
154;35-44;Doctorate;Yogyakarta;english;weekly;1 hour+;Knowledge Seeker;I research with the help of philosophy and sociology books.;{philosophy,politics_sociology};{non-fiction};{ebook,hardcover};{thoughtful,inspired};{crime_mystery}
155;45-54;Master;Jakarta;english;monthly;1 hour+;Knowledge Seeker;I stay updated through legal and feminist writings.;{feminism,history};{non-fiction};{hardcover};{educated,thoughtful};{children_book}
156;18-24;High School;Bandung;english;rarely;15-30 mins;Casual Reader;When I do read I prefer comics or graphic novels.;{graphic_novels,children_book};{fiction};{paperback};{entertained};{philosophy}
157;18-24;Bachelor;Bandung;indonesian;daily;<15 mins;Casual Reader;I usually read short novels before class to get energized for the day.;{indonesian_literature,romance};{fiction};{paperback,ebook}; {entertained,relaxed};{science}
158;25-34;Bachelor;Jakarta;english;weekly;30-60 mins;Explorer;I enjoy exploring different perspectives, so I switch between fiction and essays.;{arts_architecture,philosophy};{fiction,non-fiction};{hardcover,paperback}; {thoughtful,inspired};{}
159;25-34;Bachelor;Semarang;indonesian;weekly;15-30 mins;Knowledge Seeker;Books are my way to keep learning, especially educational ones.;{education,natural_science};{non-fiction};{paperback,ebook}; {educated,thoughtful};{romance}
160;35-44;Master;Bogor;english;monthly;30-60 mins;Casual Reader;Business books are my go-to during downtime between meetings.;{business,self_help};{non-fiction};{ebook}; {inspired,educated};{poetry_literacy}
161;18-24;Diploma;Cimahi;indonesian;daily;15-30 mins;Escapist;Reading fantasy every evening helps me unwind.;{fantasy_scifi,japanese_literature};{fiction};{paperback,ebook}; {thrilled,relaxed};{}
162;25-34;Bachelor;Yogyakarta;english;weekly;1 hour+;Knowledge Seeker;I enjoy books that mix science with real-world impact.;{science,climate_change};{non-fiction};{hardcover}; {educated,thoughtful};{romance}
163;35-44;Bachelor;Jakarta;english;daily;1 hour+;Avid Reader;I read and write for a living, so literature is both work and joy.;{world_literature,western_classics};{fiction};{hardcover}; {thoughtful,inspired};{natural_science}
164;18-24;Bachelor;Bandung;indonesian;weekly;15-30 mins;Escapist;Fiction helps me disconnect from daily stress.;{fantasy_scifi,romance};{fiction};{ebook,paperback}; {entertained,relaxed};{psychology_selfhelp}
165;25-34;Bachelor;Tangerang;english;weekly;30-60 mins;Casual Reader;I read mostly on weekends, especially social commentary.;{politics_sociology,colonialism};{non-fiction};{hardcover}; {educated,thoughtful};{children_book}
166;18-24;High School;Depok;indonesian;daily;<15 mins;Casual Reader;Poetry books keep me grounded before sleeping.;{poetry_literacy,feminism};{fiction};{paperback}; {thoughtful,relaxed};{}
167;25-34;Diploma;Bogor;indonesian;monthly;1 hour+;Explorer;My time with books is my escape from the cafÃ© crowd.;{self_discovery,philosophy};{fiction,non-fiction};{paperback}; {inspired,relaxed};{science}
168;18-24;Bachelor;Magelang;english;weekly;15-30 mins;Escapist;I love Japanese literature;;;;;
169;25-34;Bachelor;Jakarta;indonesian;weekly;30-60 mins;Casual Reader;I pick self-help books to improve my people skills.;{psychology_selfhelp,self_help};{non-fiction};{paperback,ebook}; {inspired,educated};{dystopian_postapocalyptic}
170;35-44;Master;Bandung;english;monthly;1 hour+;Explorer;Design books inspire me to think differently about the world.;{arts_architecture,philosophy};{non-fiction};{hardcover}; {inspired,educated};{romance}
171;25-34;Bachelor;Yogyakarta;english;rarely;30-60 mins;Knowledge Seeker;I occasionally dive into sci-fi when I want to be inspired.;{science,fantasy_scifi};{fiction};{paperback}; {thrilled,educated};{memoirs_biography}
172;18-24;High School;Bekasi;indonesian;weekly;30-60 mins;Casual Reader;Graphic novels are my break from online lectures.;{graphic_novels,western_contemporary};{fiction};{paperback}; {entertained,relaxed};{education}
173;35-44;Master;Serang;english;monthly;1 hour+;Knowledge Seeker;Books on language and culture are my passion.;{world_literature,western_classics};{non-fiction};{paperback}; {educated,thoughtful};{children_book}
174;25-34;Master;Semarang;english;weekly;1 hour+;Knowledge Seeker;My love for natural science keeps me reading late.;{natural_science,philosophy};{non-fiction};{hardcover}; {educated,thoughtful};{romance}
175;18-24;Bachelor;Sukabumi;indonesian;daily;<15 mins;Avid Reader;My reading ritual is manga and short fiction.;{japanese_literature,graphic_novels};{fiction};{paperback}; {entertained,thrilled};{history}
176;25-34;Master;Jakarta;english;weekly;30-60 mins;Casual Reader;Essays on feminism and social change motivate me.;{feminism,politics_sociology};{non-fiction};{ebook}; {inspired,thoughtful};{poetry_literacy}
177;18-24;Diploma;Bandung;indonesian;weekly;<15 mins;Escapist;Short zines and magazines keep me entertained between classes.;{magazine_zine,children_book};{fiction};{paperback}; {entertained};{natural_science}
178;25-34;Bachelor;Yogyakarta;english;weekly;15-30 mins;Explorer;I like to rotate between biography and historical fiction.;{memoirs_biography,historical_fiction};{fiction,non-fiction};{ebook,paperback}; {thoughtful,educated};{dystopian_postapocalyptic}
179;18-24;Bachelor;Cimahi;indonesian;daily;15-30 mins;Avid Reader;Fantasy novels are my comfort zone on bad days.;{fantasy_scifi,poetry_literacy};{fiction};{ebook,paperback}; {thrilled,relaxed};{science}
180;25-34;Bachelor;Depok;english;weekly;30-60 mins;Casual Reader;Sometimes I binge-read economics on Sunday mornings.;{critiques_capitalism,business};{non-fiction};{hardcover}; {educated,inspired};{romance}
181;35-44;PhD;Bandung;indonesian;weekly;1 hour+;Knowledge Seeker;I read philosophy and post-colonial literature after lectures.;{philosophy,colonialism};{non-fiction};{paperback}; {thoughtful,educated};{children_book}
182;25-34;Bachelor;Bandung;english;daily;30-60 mins;Avid Reader;Every evening I disconnect from screens and dive into fiction or philosophy.;{philosophy,fantasy_scifi};{fiction};{paperback}; {thoughtful,relaxed};{colonialism}
183;35-44;Bachelor;Semarang;english;weekly;1 hour+;Knowledge Seeker;I analyze current events through political theory and essays.;{politics_sociology,history};{non-fiction};{hardcover}; {educated,inspired};{children_book}
184;18-24;High School;Yogyakarta;indonesian;daily;<15 mins;Casual Reader;Poetry and short stories help me stay inspired before school.;{poetry_literacy,education};{fiction};{ebook}; {thoughtful,relaxed};{science}
185;25-34;Bachelor;Bogor;indonesian;monthly;15-30 mins;Explorer;My reading habits are sporadic, but I enjoy books that explore identity.;{feminism,world_literature};{fiction,non-fiction};{paperback}; {thoughtful,entertained};{memoirs_biography}
186;18-24;Diploma;Tangerang;english;weekly;15-30 mins;Escapist;Fantasy books make me forget reality, especially before bed.;{fantasy_scifi,japanese_literature};{fiction};{paperback}; {thrilled,entertained};{romance}
187;25-34;Master;Jakarta;english;weekly;30-60 mins;Knowledge Seeker;I read self-help and business books to grow in my career.;{self_help,business};{non-fiction};{ebook,paperback}; {educated,inspired};{poetry_literacy}
188;35-44;Bachelor;Depok;indonesian;weekly;1 hour+;Explorer;Books about climate change and human rights keep me informed.;{climate_change,colonialism};{non-fiction};{hardcover}; {educated,thoughtful};{children_book}
189;25-34;Diploma;Yogyakarta;english;weekly;30-60 mins;Explorer;Graphic novels and art books help me stay creative.;{graphic_novels,arts_architecture};{fiction,non-fiction};{hardcover}; {entertained,inspired};{philosophy}
190;18-24;High School;Bandung;indonesian;daily;<15 mins;Casual Reader;I carry a poetry book in my backpack for quick reads.;{poetry_literacy,romance};{fiction};{paperback}; {thoughtful,relaxed};{science}
191;25-34;Master;Surakarta;english;weekly;1 hour+;Knowledge Seeker;I analyze theories of capitalism and identity in books.;{critiques_capitalism,feminism};{non-fiction};{paperback}; {educated,thoughtful};{children_book}
192;18-24;Bachelor;Bekasi;indonesian;weekly;15-30 mins;Escapist;Romance novels are my weekend guilty pleasure.;{romance,family};{fiction};{ebook}; {entertained,relaxed};{natural_science}
193;25-34;Bachelor;Serang;indonesian;monthly;30-60 mins;Casual Reader;I mostly read historical fiction during holidays.;{historical_fiction,education};{fiction};{paperback}; {thoughtful,educated};{self_help}
194;35-44;High School;Bandung;english;rarely;15-30 mins;Casual Reader;I only read when I travel, mostly food or travel literature.;{travel,memoirs_biography};{non-fiction};{ebook}; {relaxed,entertained};{colonialism}
195;18-24;Diploma;Yogyakarta;indonesian;daily;<15 mins;Avid Reader;I follow a ritual of reading a page of philosophy daily.;{philosophy,western_classics};{non-fiction};{hardcover}; {thoughtful,inspired};{graphic_novels}
196;25-34;Bachelor;Jakarta;english;weekly;30-60 mins;Casual Reader;Books on systems thinking and economics spark my curiosity.;{science,critiques_capitalism};{non-fiction};{ebook,paperback}; {educated,thoughtful};{romance}
197;18-24;High School;Cimahi;indonesian;weekly;<15 mins;Casual Reader;Reading about pets always makes me smile after class.;{pets,children_book};{fiction};{paperback}; {relaxed,entertained};{science}
198;35-44;Master;Tangerang;indonesian;monthly;30-60 mins;Knowledge Seeker;I read business psychology to understand team behavior better.;{psychology_selfhelp,business};{non-fiction};{hardcover}; {educated,inspired};{fantasy_scifi}
199;25-34;Bachelor;Yogyakarta;english;weekly;30-60 mins;Explorer;Zines and graphic novels are my weekend comfort reads.;{magazine_zine,graphic_novels};{fiction};{paperback}; {entertained,relaxed};{philosophy}
200;18-24;Bachelor;Depok;english;daily;15-30 mins;Avid Reader;Late-night reading with a warm drink is my perfect routine.;{western_contemporary,japanese_literature};{fiction};{ebook,paperback}; {thoughtful,relaxed};{science}
201;25-34;Bachelor;Jakarta;indonesian;weekly;1 hour+;Avid Reader;I alternate between poetry and feminist theory for inspiration.;{feminism,poetry_literacy};{non-fiction};{paperback}; {inspired,thoughtful};{colonialism}
202;18-24;Bachelor;Bogor;indonesian;weekly;<15 mins;Casual Reader;Short reads between lectures help me stay sharp.;{education,children_book};{fiction};{ebook}; {educated,entertained};{graphic_novels}
203;25-34;Bachelor;Jakarta;english;weekly;30-60 mins;Knowledge Seeker;Entrepreneurship books are like mentorship in print.;{business,self_help};{non-fiction};{ebook}; {inspired,educated};{romance}
204;35-44;PhD;Bandung;english;monthly;1 hour+;Knowledge Seeker;Reading Marxist literature is my weekend reflection ritual.;{critiques_capitalism,colonialism};{non-fiction};{hardcover}; {educated,thoughtful};{children_book}
205;18-24;High School;Bantul;indonesian;daily;<15 mins;Escapist;Manga and comics help me relax after school.;{graphic_novels,japanese_literature};{fiction};{paperback}; {entertained,relaxed};{natural_science}
206;25-34;Diploma;Magelang;english;weekly;30-60 mins;Explorer;Books on climate and humanity guide my life choices.;{climate_change};{non-fiction};{ebook}; {thoughtful,inspired};{romance}
